c_v,c_id,address.city,address.geolocation,address.number,address.street,address.zipcode,email,id,name.firstname,name.lastname,password,phone,username
0,638ecd6601f5b80b85d71fff,kilcoole,,7682,new road,12926-3874,john@gmail.com,1,john,doe,m38rmF$,1-570-236-7033,johnd
0,638ecd6601f5b80b85d72000,kilcoole,,7267,Lovers Ln,12926-3874,morrison@gmail.com,2,david,morrison,83r5^_,1-570-236-7033,mor_2314
0,638ecd6601f5b80b85d72001,Cullman,,86,Frances Ct,29567-1452,kevin@gmail.com,3,kevin,ryan,kev02937@,1-567-094-1345,kevinryan
0,638ecd6601f5b80b85d72002,San Antonio,,6454,Hunters Creek Dr,98234-1734,don@gmail.com,4,don,romer,ewedon,1-765-789-6734,donero
0,638ecd6601f5b80b85d72003,san Antonio,,245,adams St,80796-1234,derek@gmail.com,5,derek,powell,jklg*_56,1-956-001-1945,derek
0,638ecd6601f5b80b85d72004,el paso,,124,prospect st,12346-0456,david_r@gmail.com,6,david,russell,3478*#54,1-678-345-9856,david_r
0,638ecd6601f5b80b85d72005,fresno,,1342,saddle st,96378-0245,miriam@gmail.com,7,miriam,snyder,f238&@*$,1-123-943-0563,snyder
0,638ecd6601f5b80b85d72006,mesa,,1342,vally view ln,96378-0245,william@gmail.com,8,william,hopkins,William56$hj,1-478-001-0890,hopkins
0,638ecd6601f5b80b85d72007,miami,,345,avondale ave,96378-0245,kate@gmail.com,9,kate,hale,kfejk@*_,1-678-456-1934,kate_h
0,638ecd6601f5b80b85d72008,fort wayne,,526,oak lawn ave,10256-4532,jimmie@gmail.com,10,jimmie,klein,klein*#%*,1-104-001-4567,jimmie_k
